{
  "epoch": [
    1,
    2,
    3,
    4,
    5,
    6,
    7,
    8,
    9,
    10,
    11,
    12,
    13,
    14,
    15,
    16,
    17,
    18,
    19,
    20,
    21,
    22,
    23,
    24,
    25,
    26,
    27,
    28,
    29,
    30,
    31,
    32,
    33,
    34,
    35
  ],
  "train_loss": [
    2.705078090940203,
    2.546032956668309,
    2.429869089807783,
    2.304677563054221,
    2.158504102911268,
    2.037856238228934,
    1.970369849886213,
    1.9321649670600891,
    1.9111409187316895,
    1.8935217303889138,
    1.8801561295986176,
    1.8658380338123866,
    1.8574177367346627,
    1.8425711606230055,
    1.831219026020595,
    1.8247988649777003,
    1.8144094049930573,
    1.8066182604857854,
    1.7999387724058968,
    1.7930251019341605,
    1.7823397517204285,
    1.7678479169096266,
    1.7532142358166831,
    1.7341073155403137,
    1.722568256514413,
    1.7015936417239053,
    1.6920583971909113,
    1.6843433167253221,
    1.6682253309658595,
    1.665513392005648,
    1.6568840486662728,
    1.643281945160457,
    1.6401278930050986,
    1.6333756489413125,
    1.6313177389757973
  ],
  "val_loss": [
    2.6005823214848838,
    2.4645744959513345,
    2.3412482738494873,
    2.1907914082209268,
    2.0434914429982505,
    1.9545170664787292,
    1.9118351141611736,
    1.887419879436493,
    1.8710342248280842,
    1.8568314909934998,
    1.8435797095298767,
    1.8324259519577026,
    1.8199357986450195,
    1.8079648613929749,
    1.7974607745806377,
    1.7858596245447795,
    1.7760207653045654,
    1.7659597198168437,
    1.7583031853040059,
    1.7464159329732258,
    1.7327107389767964,
    1.7142014702161152,
    1.6916940609614055,
    1.671787401040395,
    1.6513092120488484,
    1.6306791702906291,
    1.6121829946835835,
    1.6001904606819153,
    1.5912931164105732,
    1.5797387758890789,
    1.5741012493769329,
    1.568938632806142,
    1.5696168144543965,
    1.5650803446769714,
    1.559505542119344
  ],
  "val_token_acc": [
    0.14825238039096197,
    0.19759107381105423,
    0.2746318231026332,
    0.39853571852048236,
    0.44192905724048615,
    0.44166114926338196,
    0.4416782309611638,
    0.4420184592405955,
    0.44199976821740466,
    0.44099357227484387,
    0.4421789695819219,
    0.44156919916470844,
    0.4427647093931834,
    0.4426036775112152,
    0.44294334451357525,
    0.4423137903213501,
    0.44281325737635296,
    0.4430011461178462,
    0.4439320961634318,
    0.4445952773094177,
    0.4477931360403697,
    0.4467454453309377,
    0.4484475602706273,
    0.44726959864298504,
    0.44551138083140057,
    0.449868842959404,
    0.44663305580616,
    0.44703254600365955,
    0.445316622654597,
    0.4493199984232585,
    0.44667118787765503,
    0.4491887191931407,
    0.44550244013468426,
    0.44747209052244824,
    0.45025651156902313
  ]
}